<REPORT MARGINWIDTH="5" MARGINHEIGHT="5">
<TITLE>Book Report</TITLE>
<CSS>report.css</CSS>
<PAGE BORDER="0" SIZE="10" CELLSPACING="0" CELLPADDING="5">
</PAGE>
<GROUPS>
<GROUP NAME="author" EXPRESSION="AUTHOR">
<HEADER>
<ROW>
  <COL CELLCLASS="header"><XHTML><i>Name</i></XHTML></COL>
  <COL CELLCLASS="header">Author</COL>
</ROW>
</HEADER>
<FIELDS>
<ROW>
  <COL TYPE="FIELD">NAME</COL>
  <COL TYPE="FIELD">AUTHOR</COL>
</ROW>
</FIELDS>
<FOOTER>
</FOOTER>
</GROUP>
</GROUPS>
</REPORT>
